,Feature
0,0.04026985168457031
1,0.040246009826660156
2,0.04024338722229004
3,0.020113706588745117
4,0.02011704444885254
5,0.040231943130493164
6,0.020175457000732422
7,0.020122766494750977
8,0.020183563232421875
9,0.02017831802368164
10,0.020122289657592773
11,0.020127534866333008
12,0.020121097564697266
13,0.02013397216796875
14,0.06037163734436035
15,0.04025745391845703
16,0.020123720169067383
17,0.04026365280151367
18,0.0201261043548584
19,0.04039788246154785
20,0.0201265811920166
21,0.02016925811767578
22,0.04025125503540039
23,0.04028058052062988
24,0.02013564109802246
25,0.02017688751220703
26,0.0201718807220459
27,0.04028892517089844
28,0.02009105682373047
29,0.020124435424804688
30,0.040342092514038086
31,0.020122289657592773
32,0.02019476890563965
33,0.02012944221496582
34,0.020117759704589844
35,0.04023551940917969
36,0.02012157440185547
37,0.040299177169799805
38,0.04027819633483887
39,0.02019500732421875
40,0.02012777328491211
41,0.04044318199157715
42,0.04069995880126953
43,0.02013111114501953
44,0.04027986526489258
45,0.020124435424804688
46,0.040250301361083984
47,0.020133256912231445
48,0.04028439521789551
49,0.04028177261352539
50,0.040358543395996094
51,0.02013421058654785
52,0.020191192626953125
53,0.0201261043548584
54,0.020125865936279297
55,0.04026532173156738
56,0.04051041603088379
57,0.020133495330810547
58,0.020180702209472656
59,0.020123004913330078
60,0.020130634307861328
61,0.020125150680541992
62,0.040255069732666016
63,0.020122051239013672
64,0.020159482955932617
65,0.02018570899963379
66,0.020139694213867188
67,0.020141124725341797
68,0.040293216705322266
69,0.020115375518798828
70,0.020122528076171875
71,0.02012348175048828
72,0.020127058029174805
73,0.020160913467407227
74,0.02016425132751465
75,0.02015852928161621
76,0.020128488540649414
77,0.020119667053222656
78,0.02015829086303711
79,0.020068883895874023
80,0.02012920379638672
81,0.02014017105102539
82,0.040289878845214844
83,0.020165681838989258
84,0.020129919052124023
85,0.04027533531188965
86,0.0201413631439209
87,0.020116567611694336
88,0.020127534866333008
89,0.020122528076171875
90,0.020137786865234375
91,0.020131349563598633
92,0.0201261043548584
93,0.020129680633544922
94,0.02013850212097168
95,0.0201261043548584
96,0.02013254165649414
97,0.020136117935180664
98,0.020123004913330078
99,0.020130395889282227
100,0.020127058029174805
101,0.020120859146118164
102,0.0201261043548584
103,0.02014756202697754
104,0.020180225372314453
105,0.02017521858215332
106,0.020154714584350586
107,0.020124435424804688
108,0.020140409469604492
109,0.02012348175048828
110,0.020122289657592773
111,0.020123004913330078
112,0.020123720169067383
113,0.04024934768676758
114,0.020173311233520508
115,0.02016305923461914
116,0.02012181282043457
117,0.020122766494750977
118,0.020122528076171875
119,0.02013111114501953
120,0.020128488540649414
121,0.02013874053955078
122,0.020125627517700195
123,0.020162582397460938
124,0.020087718963623047
125,0.0201265811920166
126,0.020124435424804688
127,0.020127296447753906
128,0.02012348175048828
129,0.020142793655395508
130,0.020153284072875977
131,0.020158052444458008
132,0.02012181282043457
133,0.040313720703125
134,0.020141124725341797
135,0.020128250122070312
136,0.020136356353759766
137,0.020123720169067383
138,0.04032278060913086
139,0.02014899253845215
140,0.020176172256469727
141,0.0200655460357666
142,0.02018904685974121
143,0.020134449005126953
144,0.02011704444885254
145,0.02016448974609375
146,0.020119667053222656
147,0.02012348175048828
148,0.020119667053222656
149,0.020134687423706055
150,0.020121097564697266
151,0.020125389099121094
152,0.0201265811920166
153,0.0201261043548584
154,0.02014899253845215
155,0.02012777328491211
156,0.020131349563598633
157,0.02008533477783203
158,0.020117521286010742
159,0.0201265811920166
160,0.02016448974609375
161,0.020123958587646484
162,0.020120859146118164
163,0.020133256912231445
164,0.020155668258666992
165,0.020120620727539062
166,0.020144939422607422
167,0.04029250144958496
168,0.020121335983276367
169,0.02012348175048828
170,0.020128488540649414
171,0.020136356353759766
172,0.020183563232421875
173,0.020122289657592773
174,0.020137548446655273
175,0.02012777328491211
176,0.020135164260864258
177,0.02011847496032715
178,0.020125865936279297
179,0.020123004913330078
180,0.020112276077270508
181,0.020163297653198242
182,0.04024386405944824
183,0.020117521286010742
184,0.02011871337890625
185,0.020110368728637695
186,0.020130395889282227
187,0.02013707160949707
188,0.020160198211669922
189,0.02008056640625
190,0.020128488540649414
191,0.020160913467407227
192,0.020160675048828125
193,0.04024338722229004
194,0.020131826400756836
195,0.020123958587646484
196,0.020117998123168945
197,0.020139694213867188
198,0.02015519142150879
199,0.020125627517700195
200,0.02013707160949707
201,0.020128488540649414
202,0.020123004913330078
203,0.020125627517700195
204,0.020118236541748047
205,0.020128250122070312
206,0.04024147987365723
207,0.0402989387512207
208,0.04028010368347168
209,0.020128250122070312
210,0.020157575607299805
211,0.0201570987701416
212,0.020161867141723633
213,0.020125150680541992
214,0.020120620727539062
215,0.020127534866333008
216,0.02012181282043457
217,0.020140409469604492
218,0.020133256912231445
219,0.020137548446655273
220,0.020173311233520508
221,0.020125627517700195
222,0.02013421058654785
223,0.020179271697998047
224,0.020118236541748047
225,0.020128726959228516
226,0.020122051239013672
227,0.020116806030273438
228,0.020113706588745117
229,0.02015066146850586
230,0.020123720169067383
231,0.02016901969909668
232,0.020125150680541992
233,0.02011895179748535
234,0.040262460708618164
235,0.020153522491455078
236,0.020121335983276367
237,0.0201413631439209
238,0.02012181282043457
239,0.020122766494750977
240,0.020136117935180664
241,0.020122766494750977
242,0.020123720169067383
243,0.02011847496032715
244,0.020173072814941406
245,0.02012801170349121
246,0.02012324333190918
247,0.020132064819335938
248,0.02007126808166504
249,0.0201265811920166
250,0.02016162872314453
251,0.02018117904663086
252,0.02012348175048828
253,0.02012348175048828
254,0.02011871337890625
255,0.02012157440185547
256,0.020122289657592773
257,0.020162343978881836
258,0.02012944221496582
259,0.02012348175048828
260,0.020119905471801758
261,0.020128965377807617
262,0.04024934768676758
263,0.040239572525024414
264,0.020129919052124023
265,0.02011561393737793
266,0.020116090774536133
267,0.020123004913330078
268,0.020122766494750977
269,0.0201566219329834
270,0.020163536071777344
271,0.04027056694030762
272,0.040288448333740234
273,0.02012467384338379
274,0.02012181282043457
275,0.0201566219329834
276,0.020124435424804688
277,0.04024219512939453
278,0.02012467384338379
279,0.020122528076171875
280,0.02011728286743164
281,0.020136356353759766
282,0.0201416015625
283,0.020123958587646484
284,0.020156383514404297
285,0.020117521286010742
286,0.0201265811920166
287,0.04028487205505371
288,0.020122289657592773
289,0.02013397216796875
290,0.020122528076171875
291,0.020118236541748047
292,0.04028058052062988
293,0.020209789276123047
294,0.020121335983276367
295,0.020178556442260742
296,0.020134925842285156
297,0.04024982452392578
298,0.020157337188720703
299,0.02017498016357422
300,0.020128250122070312
301,0.020125389099121094
302,0.020123720169067383
303,0.02013564109802246
304,0.02012181282043457
305,0.02012491226196289
306,0.020162105560302734
307,0.020130395889282227
308,0.02012491226196289
309,0.020128488540649414
310,0.02012944221496582
311,0.02011561393737793
312,0.020174503326416016
313,0.02011895179748535
314,0.020117759704589844
315,0.02016901969909668
316,0.02012467384338379
317,0.020119428634643555
318,0.020119428634643555
319,0.02015399932861328
320,0.02012157440185547
321,0.02011871337890625
322,0.020123720169067383
323,0.02011847496032715
324,0.020155906677246094
325,0.02011394500732422
326,0.020188570022583008
327,0.020114898681640625
328,0.020142555236816406
329,0.04023623466491699
330,0.020123004913330078
331,0.020125627517700195
332,0.02010965347290039
333,0.020118236541748047
334,0.020123720169067383
335,0.02012014389038086
336,0.020122289657592773
337,0.02012920379638672
338,0.020128965377807617
339,0.020127058029174805
340,0.02022576332092285
341,0.020126819610595703
342,0.020157575607299805
343,0.02017807960510254
344,0.040186405181884766
345,0.02016162872314453
346,0.02016615867614746
347,0.02015066146850586
348,0.02015829086303711
349,0.020126819610595703
350,0.020128250122070312
351,0.020117998123168945
352,0.020129680633544922
353,0.020131349563598633
354,0.02014446258544922
355,0.020126819610595703
356,0.020160675048828125
357,0.020131587982177734
358,0.02012944221496582
359,0.020136117935180664
360,0.020127534866333008
361,0.020123958587646484
362,0.020121097564697266
363,0.02011895179748535
364,0.02011704444885254
365,0.02012777328491211
366,0.020124435424804688
367,0.020123958587646484
368,0.04024982452392578
369,0.02011871337890625
370,0.020185232162475586
371,0.02016139030456543
372,0.020129680633544922
373,0.020132780075073242
374,0.020122289657592773
375,0.020136117935180664
376,0.020129680633544922
377,0.02016425132751465
378,0.020124197006225586
379,0.04026365280151367
380,0.020168304443359375
381,0.02012324333190918
382,0.020125150680541992
383,0.020136594772338867
384,0.020122528076171875
385,0.02014017105102539
386,0.04026675224304199
387,0.02012324333190918
388,0.02011847496032715
389,0.04025983810424805
390,0.020119667053222656
391,0.020122051239013672
392,0.020122766494750977
393,0.040287017822265625
394,0.020125150680541992
395,0.020125865936279297
396,0.020360946655273438
397,0.02013373374938965
398,0.020122289657592773
399,0.020119905471801758
400,0.02012801170349121
401,0.02013421058654785
402,0.020158052444458008
403,0.020138978958129883
404,0.020154714584350586
405,0.020127058029174805
406,0.020142793655395508
407,0.020157575607299805
408,0.020154476165771484
409,0.02015829086303711
410,0.02012801170349121
411,0.020153522491455078
412,0.02015972137451172
413,0.020115137100219727
414,0.04025697708129883
415,0.02012181282043457
416,0.02012157440185547
417,0.02013111114501953
418,0.02012944221496582
419,0.020120859146118164
420,0.020133018493652344
421,0.020127534866333008
422,0.020177841186523438
423,0.020121335983276367
424,0.020117521286010742
425,0.020145177841186523
426,0.02012348175048828
427,0.02012181282043457
428,0.020117998123168945
429,0.02016282081604004
430,0.02015829086303711
431,0.020162582397460938
432,0.02011585235595703
433,0.02012014389038086
434,0.02012348175048828
435,0.04025721549987793
436,0.02011728286743164
437,0.020162343978881836
438,0.02011871337890625
439,0.04027366638183594
440,0.020122766494750977
441,0.04025721549987793
442,0.04022955894470215
443,0.020104408264160156
444,0.020125865936279297
445,0.020111560821533203
446,0.02012324333190918
447,0.020132064819335938
448,0.020274639129638672
449,0.0204775333404541
450,0.02020406723022461
451,0.02006816864013672
452,0.020120620727539062
453,0.020148515701293945
454,0.02011561393737793
455,0.020128250122070312
456,0.02017068862915039
457,0.020124197006225586
458,0.020175933837890625
459,0.020122289657592773
460,0.04024910926818848
461,0.020123958587646484
462,0.02012038230895996
463,0.0202329158782959
464,0.020119428634643555
465,0.02016139030456543
466,0.04027390480041504
467,0.020156145095825195
468,0.020130395889282227
469,0.020123720169067383
470,0.020122766494750977
471,0.02012801170349121
472,0.020120620727539062
473,0.020129680633544922
474,0.02012944221496582
475,0.020127296447753906
476,0.020130395889282227
477,0.020118236541748047
478,0.02012467384338379
479,0.02012920379638672
480,0.02012801170349121
481,0.020127296447753906
482,0.04028153419494629
483,0.02012777328491211
484,0.04015159606933594
485,0.020129680633544922
486,0.020119905471801758
487,0.02012777328491211
488,0.020119905471801758
489,0.020131587982177734
490,0.020134925842285156
491,0.020114898681640625
492,0.020117521286010742
493,0.04023599624633789
494,0.020123958587646484
495,0.02012181282043457
496,0.020120859146118164
497,0.020136117935180664
498,0.0201261043548584
499,0.02013707160949707
500,0.020145893096923828
501,0.020183563232421875
502,0.020121335983276367
503,0.020125389099121094
504,0.02012944221496582
505,0.040245771408081055
506,0.020118236541748047
507,0.020135879516601562
508,0.020131587982177734
509,0.020159244537353516
510,0.04027891159057617
511,0.020122051239013672
512,0.020125865936279297
513,0.020127296447753906
514,0.020122289657592773
515,0.020100831985473633
516,0.02012348175048828
517,0.020165205001831055
518,0.020127058029174805
519,0.020155906677246094
520,0.020127534866333008
521,0.020121335983276367
522,0.02011895179748535
523,0.02011871337890625
524,0.020125627517700195
525,0.020127058029174805
526,0.02013373374938965
527,0.020130634307861328
528,0.02012777328491211
529,0.04026675224304199
530,0.020123958587646484
531,0.02012324333190918
532,0.0402371883392334
533,0.040242910385131836
534,0.0201265811920166
535,0.020119428634643555
536,0.02012324333190918
537,0.02012920379638672
538,0.04024934768676758
539,0.020130395889282227
540,0.020118236541748047
541,0.040265560150146484
542,0.0201265811920166
543,0.020138025283813477
544,0.020121335983276367
545,0.020128250122070312
546,0.020127058029174805
547,0.020122766494750977
548,0.02011895179748535
549,0.04024171829223633
550,0.020121097564697266
551,0.02012324333190918
552,0.02012038230895996
553,0.020128250122070312
554,0.020125150680541992
555,0.020131349563598633
556,0.020130395889282227
557,0.020166397094726562
558,0.020116806030273438
559,0.020158767700195312
560,0.020119428634643555
561,0.020127058029174805
562,0.02013111114501953
563,0.04035687446594238
564,0.02015233039855957
565,0.040266990661621094
566,0.020155906677246094
567,0.02016305923461914
568,0.0201568603515625
569,0.04028177261352539
570,0.020197391510009766
571,0.02014946937561035
572,0.020142316818237305
573,0.020109891891479492
574,0.02015995979309082
575,0.02016592025756836
576,0.02018284797668457
577,0.04026675224304199
578,0.020122051239013672
579,0.02013111114501953
580,0.04022622108459473
581,0.04029417037963867
582,0.020122051239013672
583,0.04025411605834961
584,0.04027581214904785
585,0.04027819633483887
586,0.04027509689331055
587,0.04024672508239746
588,0.04026937484741211
589,0.020157337188720703
590,0.020113229751586914
591,0.04027199745178223
592,0.020122766494750977
593,0.04024958610534668
594,0.02012038230895996
595,0.020119667053222656
596,0.020078659057617188
597,0.020133495330810547
598,0.02019953727722168
599,0.02011871337890625
600,0.02011728286743164
601,0.04027581214904785
602,0.020122528076171875
603,0.020132780075073242
604,0.020175933837890625
605,0.020117521286010742
606,0.020123958587646484
607,0.02013111114501953
608,0.02015972137451172
609,0.04025530815124512
610,0.020119667053222656
611,0.0201723575592041
612,0.020121335983276367
613,0.020171165466308594
614,0.02017068862915039
615,0.02013111114501953
616,0.04026365280151367
617,0.02016162872314453
618,0.020123720169067383
619,0.020122528076171875
620,0.020143508911132812
621,0.04024672508239746
622,0.020197153091430664
623,0.020157814025878906
624,0.0403289794921875
625,0.0201416015625
626,0.020122051239013672
627,0.020116329193115234
628,0.02012467384338379
629,0.020125389099121094
630,0.020124197006225586
631,0.020121097564697266
632,0.020181655883789062
633,0.020151138305664062
634,0.020181655883789062
635,0.020156145095825195
636,0.020135164260864258
637,0.020135879516601562
638,0.0201265811920166
639,0.020117521286010742
640,0.02012038230895996
641,0.020119667053222656
642,0.020137548446655273
643,0.02013111114501953
644,0.04023885726928711
645,0.020124197006225586
646,0.020159482955932617
647,0.020153284072875977
648,0.020128250122070312
649,0.020171165466308594
650,0.020196199417114258
651,0.020142316818237305
652,0.02007269859313965
653,0.020119428634643555
654,0.020121097564697266
655,0.020123720169067383
656,0.020121335983276367
657,0.020138263702392578
658,0.04026031494140625
659,0.020136594772338867
660,0.020124197006225586
661,0.04024767875671387
662,0.0201261043548584
663,0.020130157470703125
664,0.020128250122070312
665,0.02012014389038086
666,0.020131349563598633
667,0.02012014389038086
668,0.04026436805725098
669,0.020121335983276367
670,0.02012777328491211
671,0.02011728286743164
672,0.020155906677246094
673,0.02013707160949707
674,0.020119428634643555
675,0.02012491226196289
676,0.04030919075012207
677,0.020150423049926758
678,0.02013683319091797
679,0.020157575607299805
680,0.020145416259765625
681,0.04029226303100586
682,0.02011561393737793
683,0.02014613151550293
684,0.020121335983276367
685,0.020119428634643555
686,0.0201261043548584
687,0.020133495330810547
688,0.020129919052124023
689,0.02019667625427246
690,0.020123004913330078
691,0.020133256912231445
692,0.020125865936279297
693,0.02019023895263672
694,0.02012157440185547
695,0.04024457931518555
696,0.020130634307861328
697,0.020119428634643555
698,0.020138263702392578
699,0.02014899253845215
700,0.020157575607299805
701,0.020122289657592773
702,0.020129680633544922
703,0.020148515701293945
704,0.020122289657592773
705,0.020125627517700195
706,0.04027891159057617
707,0.04028511047363281
708,0.04025578498840332
709,0.02013540267944336
710,0.020114421844482422
711,0.020137548446655273
712,0.020125389099121094
713,0.020182132720947266
714,0.02012348175048828
715,0.020143508911132812
716,0.020162582397460938
717,0.020128726959228516
718,0.020123958587646484
719,0.02011251449584961
720,0.02011895179748535
721,0.020131349563598633
722,0.02014303207397461
723,0.02013111114501953
724,0.020121335983276367
725,0.0200350284576416
726,0.020121097564697266
727,0.020130634307861328
728,0.020186424255371094
729,0.02011871337890625
730,0.04024100303649902
731,0.04024481773376465
732,0.02016592025756836
733,0.020127534866333008
734,0.02014303207397461
735,0.020127058029174805
736,0.02011704444885254
737,0.020119905471801758
738,0.020122766494750977
739,0.02011728286743164
740,0.04024696350097656
741,0.020166397094726562
742,0.020119428634643555
743,0.020177602767944336
744,0.0201718807220459
745,0.020127296447753906
746,0.04031825065612793
747,0.020177125930786133
748,0.020128965377807617
749,0.020131587982177734
750,0.020135164260864258
751,0.020125627517700195
752,0.02013087272644043
753,0.020122766494750977
754,0.020119667053222656
755,0.020126819610595703
756,0.020120859146118164
757,0.020127296447753906
758,0.020125389099121094
759,0.02014946937561035
760,0.04025864601135254
761,0.04025602340698242
762,0.04027390480041504
763,0.020122528076171875
764,0.020136356353759766
765,0.020127534866333008
766,0.020122289657592773
767,0.02016472816467285
768,0.020123958587646484
769,0.02013111114501953
770,0.02017831802368164
771,0.0201261043548584
772,0.020122051239013672
773,0.04028034210205078
774,0.02015542984008789
775,0.020140647888183594
776,0.020124435424804688
777,0.020125150680541992
778,0.020130634307861328
779,0.020124197006225586
780,0.02016735076904297
781,0.020125865936279297
782,0.020137310028076172
783,0.020158052444458008
784,0.02012920379638672
785,0.020127534866333008
786,0.0201265811920166
787,0.020119428634643555
788,0.020128726959228516
789,0.020120859146118164
790,0.02011847496032715
791,0.02015089988708496
792,0.020162105560302734
793,0.04025459289550781
794,0.02015066146850586
795,0.020179271697998047
796,0.0201263427734375
797,0.020128488540649414
798,0.020161151885986328
799,0.020191431045532227
800,0.02014470100402832
801,0.02012944221496582
802,0.02016139030456543
803,0.020152568817138672
804,0.020125627517700195
805,0.04025530815124512
806,0.04024791717529297
807,0.020123004913330078
808,0.020117521286010742
809,0.02011847496032715
810,0.020127058029174805
811,0.020122766494750977
812,0.020148038864135742
813,0.020126819610595703
814,0.020160436630249023
815,0.020134687423706055
816,0.02015829086303711
817,0.04024457931518555
818,0.02011561393737793
819,0.02017951011657715
820,0.020068645477294922
821,0.020117998123168945
822,0.020127534866333008
823,0.020124435424804688
824,0.020128488540649414
825,0.020122051239013672
826,0.020120859146118164
827,0.020134449005126953
828,0.020144224166870117
829,0.020160198211669922
830,0.02011847496032715
831,0.020117998123168945
832,0.04022359848022461
833,0.020125389099121094
834,0.020174026489257812
835,0.020130395889282227
836,0.020122528076171875
837,0.040264129638671875
838,0.02011561393737793
839,0.02012920379638672
840,0.02013707160949707
841,0.04096198081970215
842,0.020124435424804688
843,0.02012324333190918
844,0.020120620727539062
845,0.0201413631439209
846,0.020137310028076172
847,0.020131349563598633
848,0.020122766494750977
849,0.020120620727539062
850,0.020141124725341797
851,0.020125150680541992
852,0.02013397216796875
853,0.020141124725341797
854,0.040267229080200195
855,0.020164012908935547
856,0.020123004913330078
857,0.0201261043548584
858,0.020126819610595703
859,0.020176172256469727
860,0.02012324333190918
861,0.040348052978515625
862,0.020129919052124023
863,0.020073890686035156
864,0.020123958587646484
865,0.020118236541748047
866,0.020125627517700195
867,0.020144939422607422
868,0.020123720169067383
869,0.02012467384338379
870,0.02012491226196289
871,0.020122766494750977
872,0.020154476165771484
873,0.02017974853515625
874,0.020129919052124023
875,0.02019643783569336
876,0.02012348175048828
877,0.020168304443359375
878,0.02012777328491211
879,0.020134925842285156
880,0.020125627517700195
881,0.020118236541748047
882,0.02014017105102539
883,0.02012920379638672
884,0.020131826400756836
885,0.020132780075073242
886,0.020117521286010742
887,0.02012801170349121
888,0.0201265811920166
889,0.020133256912231445
890,0.0201413631439209
891,0.020180702209472656
892,0.020133495330810547
893,0.020119190216064453
894,0.020128488540649414
895,0.020120859146118164
896,0.020092010498046875
897,0.02015066146850586
898,0.020178556442260742
899,0.02015519142150879
900,0.020117759704589844
901,0.04028129577636719
902,0.020128488540649414
903,0.02005481719970703
904,0.020124197006225586
905,0.02010631561279297
906,0.020138025283813477
907,0.020122528076171875
908,0.020121097564697266
909,0.02015376091003418
910,0.02015066146850586
911,0.020138263702392578
912,0.020162582397460938
913,0.02015995979309082
914,0.02013397216796875
915,0.020130157470703125
916,0.020120859146118164
917,0.020130634307861328
918,0.02011895179748535
919,0.020128488540649414
920,0.040284156799316406
921,0.020124197006225586
922,0.020133018493652344
923,0.020151376724243164
924,0.020124435424804688
925,0.02016305923461914
926,0.02011847496032715
927,0.020121335983276367
928,0.020120620727539062
929,0.020120859146118164
930,0.02011704444885254
931,0.020123004913330078
932,0.0201263427734375
933,0.020131349563598633
934,0.020122051239013672
935,0.020142316818237305
936,0.020198822021484375
937,0.020123720169067383
938,0.020122051239013672
939,0.0201261043548584
940,0.04031658172607422
941,0.020134449005126953
942,0.020123958587646484
943,0.020122289657592773
944,0.020130634307861328
945,0.020130395889282227
946,0.020162343978881836
947,0.020123004913330078
948,0.020154953002929688
949,0.02016162872314453
950,0.02016162872314453
951,0.020161867141723633
952,0.02010059356689453
953,0.020125627517700195
954,0.020119428634643555
955,0.02012157440185547
956,0.020121335983276367
957,0.04025411605834961
958,0.020147323608398438
959,0.020169734954833984
960,0.04023623466491699
961,0.020137310028076172
962,0.020129919052124023
963,0.02011895179748535
964,0.020122766494750977
965,0.04028058052062988
966,0.02013874053955078
967,0.020136356353759766
968,0.020167112350463867
969,0.020127534866333008
970,0.02012324333190918
971,0.020123720169067383
972,0.020126819610595703
973,0.020128965377807617
974,0.02016305923461914
975,0.02012181282043457
976,0.020159482955932617
977,0.04040408134460449
978,0.020172595977783203
979,0.02011561393737793
980,0.02013683319091797
981,0.020160436630249023
982,0.020124435424804688
983,0.02012491226196289
984,0.02013111114501953
985,0.020125627517700195
986,0.020159482955932617
987,0.0201265811920166
988,0.02017521858215332
989,0.02012777328491211
990,0.020189762115478516
991,0.02012467384338379
992,0.02012467384338379
993,0.020157575607299805
994,0.020120859146118164
995,0.02013850212097168
996,0.020161867141723633
997,0.02013254165649414
998,0.04025411605834961
999,0.020120620727539062
1000,0.020134925842285156
1001,0.02014780044555664
1002,0.020117759704589844
1003,0.02015399932861328
1004,0.02013111114501953
1005,0.020124197006225586
1006,0.020128965377807617
1007,0.0201261043548584
1008,0.020124197006225586
1009,0.02012348175048828
1010,0.02012181282043457
1011,0.020120859146118164
1012,0.02014327049255371
1013,0.020154237747192383
1014,0.02013087272644043
1015,0.02012491226196289
1016,0.020131826400756836
1017,0.02012491226196289
1018,0.020129919052124023
1019,0.020125865936279297
1020,0.02011895179748535
1021,0.02012348175048828
1022,0.02012157440185547
1023,0.02012324333190918
1024,0.020174503326416016
1025,0.020139455795288086
1026,0.020221948623657227
1027,0.020121097564697266
1028,0.020118236541748047
1029,0.020130634307861328
1030,0.02012038230895996
1031,0.0201263427734375
1032,0.020121097564697266
1033,0.020125865936279297
1034,0.020123720169067383
1035,0.020140647888183594
1036,0.020119905471801758
1037,0.020122766494750977
1038,0.020179271697998047
1039,0.020110607147216797
1040,0.02013993263244629
1041,0.020130157470703125
1042,0.020174503326416016
1043,0.0201265811920166
1044,0.020122528076171875
1045,0.02016282081604004
1046,0.02012157440185547
1047,0.02012324333190918
1048,0.020120859146118164
1049,0.0201570987701416
1050,0.02011871337890625
1051,0.020154237747192383
1052,0.020125389099121094
1053,0.020142078399658203
1054,0.020123958587646484
1055,0.020048141479492188
1056,0.020117998123168945
1057,0.02013540267944336
1058,0.02012038230895996
1059,0.020119667053222656
1060,0.020120620727539062
1061,0.020165205001831055
1062,0.02016139030456543
1063,0.02012944221496582
1064,0.02011895179748535
1065,0.020126819610595703
1066,0.020160913467407227
1067,0.02015972137451172
1068,0.020130395889282227
1069,0.02012014389038086
1070,0.020125150680541992
1071,0.020118236541748047
1072,0.020121335983276367
1073,0.020117521286010742
1074,0.04017210006713867
1075,0.020135164260864258
1076,0.02013230323791504
1077,0.020120859146118164
1078,0.020134687423706055
1079,0.02014780044555664
1080,0.02012157440185547
1081,0.020130634307861328
1082,0.020130634307861328
1083,0.02013254165649414
1084,0.020121335983276367
1085,0.020136594772338867
1086,0.02012777328491211
1087,0.020122766494750977
1088,0.020221471786499023
1089,0.02012920379638672
1090,0.020164966583251953
1091,0.02017831802368164
1092,0.020119190216064453
1093,0.02012157440185547
1094,0.020127058029174805
1095,0.020101547241210938
1096,0.020131587982177734
1097,0.020125389099121094
1098,0.020122528076171875
1099,0.020122528076171875
1100,0.0200955867767334
1101,0.020148038864135742
1102,0.02015066146850586
1103,0.020139217376708984
1104,0.020139455795288086
1105,0.02015995979309082
1106,0.020167827606201172
1107,0.02012348175048828
1108,0.020152807235717773
1109,0.020077228546142578
1110,0.020125389099121094
1111,0.02012157440185547
1112,0.0201263427734375
1113,0.020128488540649414
1114,0.020123004913330078
1115,0.02015995979309082
1116,0.02013373374938965
1117,0.02016901969909668
1118,0.020136117935180664
1119,0.020134925842285156
1120,0.02013421058654785
1121,0.020165443420410156
1122,0.04027390480041504
1123,0.02019190788269043
1124,0.020127534866333008
1125,0.020138263702392578
1126,0.0201413631439209
1127,0.02013254165649414
1128,0.020122289657592773
1129,0.020130634307861328
1130,0.020164012908935547
1131,0.020122528076171875
1132,0.02012920379638672
1133,0.020159006118774414
1134,0.02012324333190918
1135,0.020119190216064453
1136,0.02012324333190918
1137,0.020151138305664062
1138,0.02018117904663086
1139,0.04027438163757324
1140,0.020162105560302734
1141,0.02012801170349121
1142,0.02012348175048828
1143,0.020122766494750977
1144,0.020128488540649414
1145,0.02013540267944336
1146,0.020125865936279297
1147,0.020122766494750977
1148,0.020084619522094727
1149,0.020177364349365234
1150,0.020130634307861328
1151,0.0201263427734375
1152,0.020122289657592773
1153,0.02013397216796875
1154,0.020123958587646484
1155,0.020160198211669922
1156,0.020128250122070312
1157,0.020119190216064453
1158,0.02012181282043457
1159,0.020123004913330078
1160,0.02017498016357422
1161,0.020088672637939453
1162,0.020130157470703125
1163,0.020182371139526367
1164,0.020135164260864258
1165,0.04027700424194336
1166,0.02011728286743164
1167,0.040244102478027344
1168,0.02012467384338379
1169,0.020136356353759766
1170,0.020124435424804688
1171,0.020159244537353516
1172,0.02012038230895996
1173,0.04025912284851074
1174,0.020126819610595703
1175,0.020116567611694336
1176,0.02013421058654785
1177,0.02016448974609375
1178,0.020116090774536133
1179,0.020130395889282227
1180,0.02011847496032715
1181,0.020129680633544922
1182,0.0201265811920166
1183,0.04028511047363281
1184,0.02012324333190918
1185,0.020130395889282227
1186,0.040285587310791016
1187,0.020123720169067383
1188,0.020180463790893555
1189,0.04033160209655762
1190,0.020137310028076172
1191,0.020129919052124023
1192,0.020158767700195312
1193,0.0201413631439209
1194,0.020131826400756836
1195,0.02012324333190918
1196,0.020131587982177734
1197,0.02016162872314453
1198,0.020131826400756836
1199,0.020119190216064453
1200,0.020121097564697266
1201,0.020133018493652344
1202,0.020177841186523438
1203,0.020125389099121094
1204,0.020158052444458008
1205,0.020125389099121094
1206,0.020107746124267578
1207,0.02011704444885254
1208,0.0201263427734375
1209,0.020157337188720703
1210,0.020132780075073242
1211,0.020127296447753906
1212,0.020123720169067383
1213,0.040354251861572266
1214,0.04024839401245117
1215,0.020125150680541992
1216,0.02018117904663086
1217,0.020162343978881836
1218,0.02016592025756836
1219,0.020181894302368164
1220,0.020163297653198242
1221,0.04023885726928711
1222,0.020134925842285156
1223,0.02015852928161621
1224,0.02017831802368164
1225,0.0402684211730957
1226,0.020155668258666992
1227,0.020123958587646484
1228,0.020122528076171875
1229,0.0201265811920166
1230,0.020125627517700195
1231,0.020132064819335938
1232,0.020120859146118164
1233,0.020122051239013672
1234,0.020125150680541992
1235,0.020142555236816406
1236,0.040238380432128906
1237,0.020117521286010742
1238,0.02011895179748535
1239,0.02008223533630371
1240,0.040253639221191406
1241,0.020168542861938477
1242,0.02012181282043457
1243,0.020126819610595703
1244,0.02012157440185547
1245,0.020139217376708984
1246,0.020119905471801758
1247,0.0201570987701416
1248,0.02011847496032715
1249,0.020161151885986328
1250,0.02012157440185547
1251,0.020120859146118164
1252,0.020146608352661133
1253,0.020154237747192383
1254,0.020185470581054688
1255,0.02011585235595703
1256,0.02007007598876953
1257,0.020124197006225586
1258,0.02012467384338379
1259,0.020090341567993164
1260,0.020142555236816406
1261,0.020121335983276367
1262,0.020168304443359375
1263,0.0201261043548584
1264,0.02012324333190918
1265,0.02012181282043457
1266,0.020156145095825195
1267,0.020142793655395508
1268,0.020119905471801758
1269,0.02014780044555664
1270,0.020138025283813477
1271,0.04027390480041504
1272,0.020125865936279297
1273,0.02012777328491211
1274,0.02020096778869629
1275,0.02012348175048828
1276,0.02011847496032715
1277,0.020174264907836914
1278,0.020125389099121094
1279,0.020160198211669922
1280,0.02012038230895996
1281,0.04019951820373535
1282,0.0201265811920166
1283,0.020168304443359375
1284,0.02011895179748535
1285,0.020126819610595703
1286,0.020122051239013672
1287,0.020127534866333008
1288,0.02014946937561035
1289,0.020133018493652344
1290,0.020150423049926758
1291,0.020134449005126953
1292,0.02016425132751465
1293,0.020119905471801758
1294,0.020119667053222656
1295,0.020162343978881836
1296,0.02012181282043457
1297,0.020123004913330078
1298,0.02011895179748535
1299,0.0201568603515625
1300,0.020131349563598633
1301,0.02012324333190918
1302,0.02013111114501953
1303,0.020122528076171875
1304,0.020160198211669922
1305,0.020119190216064453
1306,0.020145416259765625
1307,0.020126819610595703
1308,0.02012014389038086
1309,0.020122289657592773
1310,0.020122766494750977
1311,0.0201418399810791
1312,0.020128250122070312
1313,0.020135164260864258
1314,0.020121097564697266
1315,0.02012348175048828
1316,0.020137310028076172
1317,0.04029226303100586
1318,0.020133256912231445
1319,0.02015209197998047
1320,0.020133495330810547
1321,0.02008223533630371
1322,0.020136594772338867
1323,0.020126819610595703
1324,0.02012491226196289
1325,0.020176172256469727
1326,0.020151138305664062
1327,0.020134449005126953
1328,0.02014470100402832
1329,0.020127296447753906
1330,0.020172834396362305
1331,0.020161151885986328
1332,0.02013254165649414
1333,0.040251970291137695
1334,0.020123720169067383
1335,0.020125389099121094
1336,0.020153284072875977
1337,0.02015829086303711
1338,0.02012777328491211
1339,0.020117521286010742
1340,0.02012157440185547
1341,0.020133495330810547
1342,0.020122051239013672
1343,0.020121335983276367
1344,0.02012920379638672
1345,0.02016925811767578
1346,0.020133495330810547
1347,0.020117759704589844
1348,0.020131349563598633
1349,0.020123958587646484
1350,0.02012181282043457
1351,0.020134925842285156
1352,0.020131349563598633
1353,0.020135879516601562
1354,0.020125627517700195
1355,0.02012324333190918
1356,0.02017354965209961
1357,0.020130157470703125
1358,0.04024648666381836
1359,0.020124197006225586
1360,0.020156383514404297
1361,0.040239810943603516
1362,0.020128965377807617
1363,0.020175695419311523
1364,0.020119428634643555
1365,0.040212154388427734
1366,0.020121097564697266
1367,0.02012014389038086
1368,0.020122289657592773
1369,0.040238380432128906
1370,0.020128726959228516
1371,0.0201261043548584
1372,0.020130395889282227
1373,0.04026913642883301
1374,0.020133256912231445
1375,0.020124435424804688
1376,0.0201263427734375
1377,0.02013254165649414
1378,0.02012801170349121
1379,0.020123004913330078
1380,0.020133018493652344
1381,0.020123720169067383
1382,0.020125150680541992
1383,0.020121097564697266
1384,0.020136594772338867
1385,0.020134925842285156
1386,0.040235280990600586
1387,0.02012181282043457
1388,0.02012014389038086
1389,0.02012777328491211
1390,0.020128965377807617
1391,0.02015519142150879
1392,0.0201265811920166
1393,0.020124197006225586
1394,0.0201566219329834
1395,0.020121097564697266
1396,0.02015399932861328
1397,0.02012777328491211
1398,0.020132064819335938
1399,0.020164966583251953
1400,0.040245771408081055
1401,0.04062628746032715
1402,0.020129680633544922
1403,0.020122051239013672
1404,0.020129680633544922
1405,0.02013564109802246
1406,0.020139694213867188
1407,0.020131587982177734
1408,0.020157814025878906
1409,0.0201413631439209
1410,0.04030156135559082
1411,0.020123720169067383
1412,0.020129680633544922
1413,0.020121335983276367
1414,0.020145177841186523
1415,0.02012014389038086
1416,0.020123958587646484
1417,0.04016518592834473
1418,0.020127296447753906
1419,0.02015233039855957
1420,0.02011847496032715
1421,0.020123004913330078
1422,0.02015829086303711
1423,0.020123004913330078
1424,0.020125389099121094
1425,0.040252685546875
1426,0.020124197006225586
1427,0.020177364349365234
1428,0.020185470581054688
1429,0.020131587982177734
1430,0.020159482955932617
1431,0.02011895179748535
1432,0.020129680633544922
1433,0.020119190216064453
1434,0.020127534866333008
1435,0.04024958610534668
1436,0.0201263427734375
1437,0.02012491226196289
1438,0.020151138305664062
1439,0.02012491226196289
1440,0.020122051239013672
1441,0.020123004913330078
1442,0.020128250122070312
1443,0.020124197006225586
1444,0.020125627517700195
1445,0.020120620727539062
1446,0.02011871337890625
1447,0.020128726959228516
1448,0.020134449005126953
1449,0.0201265811920166
1450,0.020182371139526367
1451,0.04025745391845703
1452,0.020122051239013672
1453,0.020138978958129883
1454,0.02013564109802246
1455,0.020119190216064453
1456,0.020160675048828125
1457,0.04033255577087402
1458,0.0402529239654541
1459,0.020182371139526367
1460,0.02012181282043457
1461,0.020140886306762695
1462,0.020129919052124023
1463,0.020124197006225586
1464,0.020185232162475586
1465,0.020137310028076172
1466,0.020130395889282227
1467,0.02011847496032715
1468,0.02011847496032715
1469,0.020163536071777344
1470,0.02014470100402832
1471,0.02012801170349121
1472,0.020121097564697266
1473,0.020128965377807617
1474,0.020119667053222656
1475,0.020126819610595703
1476,0.020164012908935547
1477,0.020125865936279297
1478,0.020128726959228516
1479,0.02007269859313965
1480,0.020123958587646484
1481,0.02012467384338379
1482,0.04023265838623047
1483,0.020116806030273438
1484,0.04024553298950195
1485,0.020213842391967773
1486,0.020164966583251953
1487,0.0202329158782959
1488,0.02015519142150879
1489,0.02013564109802246
1490,0.0402679443359375
1491,0.020159006118774414
1492,0.020131826400756836
1493,0.02012801170349121
1494,0.020128965377807617
1495,0.020111799240112305
1496,0.020158052444458008
1497,0.04027390480041504
1498,0.040184736251831055
1499,0.02012014389038086
1500,0.020162343978881836
1501,0.020125865936279297
1502,0.020123004913330078
1503,0.040252685546875
1504,0.04024696350097656
1505,0.04023408889770508
1506,0.020133018493652344
1507,0.020111560821533203
1508,0.020119190216064453
1509,0.02017498016357422
1510,0.02013540267944336
1511,0.02017974853515625
1512,0.02012157440185547
1513,0.020122289657592773
1514,0.020123720169067383
1515,0.020251035690307617
1516,0.020121097564697266
1517,0.02022528648376465
1518,0.02011871337890625
1519,0.020156145095825195
1520,0.020129680633544922
1521,0.04024004936218262
1522,0.020145654678344727
1523,0.020121335983276367
1524,0.040265798568725586
1525,0.020126819610595703
1526,0.020156383514404297
1527,0.020149707794189453
1528,0.020126819610595703
1529,0.020119905471801758
1530,0.020173311233520508
1531,0.020130634307861328
1532,0.02012181282043457
1533,0.040329694747924805
1534,0.02012944221496582
1535,0.040273427963256836
1536,0.020123720169067383
1537,0.02014946937561035
1538,0.04025387763977051
1539,0.0402987003326416
1540,0.02011871337890625
1541,0.020208120346069336
1542,0.020130157470703125
1543,0.0201261043548584
1544,0.0201261043548584
1545,0.04030299186706543
1546,0.04024910926818848
1547,0.020186662673950195
1548,0.0201263427734375
1549,0.040280818939208984
1550,0.020117521286010742
1551,0.02012348175048828
1552,0.04028630256652832
1553,0.0402677059173584
1554,0.04026508331298828
1555,0.02008223533630371
1556,0.02015852928161621
1557,0.04027700424194336
1558,0.020117998123168945
1559,0.040245771408081055
1560,0.02012491226196289
1561,0.04032588005065918
1562,0.020165443420410156
1563,0.04026198387145996
1564,0.020125389099121094
1565,0.02012324333190918
1566,0.020123720169067383
1567,0.02017688751220703
1568,0.020122051239013672
1569,0.02012920379638672
1570,0.02012801170349121
1571,0.020121335983276367
1572,0.020148038864135742
1573,0.02011847496032715
1574,0.020129680633544922
1575,0.020131826400756836
1576,0.020165443420410156
1577,0.020066261291503906
1578,0.020122766494750977
1579,0.04027247428894043
1580,0.02013397216796875
1581,0.020130157470703125
1582,0.020128250122070312
1583,0.020119667053222656
1584,0.020121335983276367
1585,0.040250301361083984
1586,0.02017807960510254
1587,0.020122528076171875
1588,0.020127296447753906
1589,0.020125150680541992
1590,0.02015829086303711
1591,0.02017831802368164
1592,0.020226716995239258
1593,0.020122051239013672
1594,0.020180702209472656
1595,0.02012491226196289
1596,0.020125865936279297
1597,0.0201718807220459
1598,0.020125150680541992
1599,0.020160913467407227
1600,0.020129919052124023
1601,0.020132780075073242
1602,0.02012348175048828
1603,0.02012777328491211
1604,0.020267248153686523
1605,0.020129919052124023
1606,0.020129680633544922
1607,0.020124435424804688
1608,0.02012944221496582
1609,0.02012324333190918
1610,0.020129919052124023
1611,0.020198583602905273
1612,0.02015972137451172
1613,0.02016448974609375
1614,0.020157814025878906
1615,0.02012324333190918
1616,0.020136356353759766
1617,0.04024934768676758
1618,0.020130157470703125
1619,0.02013683319091797
1620,0.020176410675048828
1621,0.020123004913330078
1622,0.02012324333190918
1623,0.04026484489440918
1624,0.020120859146118164
1625,0.0201876163482666
1626,0.020157814025878906
1627,0.04022955894470215
1628,0.020134449005126953
1629,0.020123004913330078
1630,0.0401761531829834
1631,0.02012181282043457
1632,0.020144224166870117
1633,0.09225296974182129
1634,0.020369768142700195
1635,0.0201261043548584
1636,0.02011561393737793
1637,0.020129680633544922
1638,0.02017068862915039
1639,0.04027867317199707
1640,0.020141124725341797
1641,0.020129680633544922
1642,0.04023885726928711
1643,0.020122766494750977
1644,0.020130395889282227
1645,0.040255069732666016
1646,0.020145893096923828
1647,0.020198583602905273
1648,0.04024171829223633
1649,0.04024553298950195
1650,0.020131826400756836
1651,0.02012014389038086
1652,0.06150102615356445
1653,0.020137310028076172
1654,0.020128726959228516
1655,0.020148277282714844
1656,0.02012157440185547
1657,0.02012801170349121
1658,0.020120620727539062
1659,0.04025006294250488
1660,0.0201723575592041
1661,0.020124435424804688
1662,0.020122289657592773
1663,0.040247440338134766
1664,0.02012014389038086
1665,0.02016592025756836
1666,0.020127058029174805
1667,0.02012181282043457
1668,0.02017521858215332
1669,0.04029083251953125
1670,0.02004075050354004
1671,0.0676889419555664
1672,0.020125627517700195
1673,0.02012038230895996
1674,0.020153284072875977
1675,0.020163536071777344
1676,0.020119667053222656
1677,0.07854485511779785
1678,0.020165681838989258
1679,0.020164012908935547
1680,0.020122766494750977
1681,0.0201113224029541
1682,0.02014327049255371
1683,0.020121097564697266
1684,0.020127058029174805
1685,0.0201413631439209
1686,0.02012157440185547
1687,0.020134449005126953
1688,0.04027819633483887
1689,0.020160913467407227
1690,0.020112276077270508
1691,0.02016735076904297
1692,0.020120859146118164
1693,0.020128726959228516
1694,0.020119667053222656
1695,0.02012038230895996
1696,0.02011704444885254
1697,0.020061254501342773
1698,0.02018117904663086
1699,0.020127296447753906
1700,0.020138978958129883
1701,0.02012920379638672
1702,0.020129680633544922
1703,0.020125627517700195
1704,0.07768654823303223
1705,0.0201261043548584
1706,0.020233154296875
1707,0.02017998695373535
1708,0.020128726959228516
1709,0.020137786865234375
1710,0.020124435424804688
1711,0.020123004913330078
1712,0.02012038230895996
1713,0.04023623466491699
1714,0.02012467384338379
1715,0.07928466796875
1716,0.020125150680541992
1717,0.020121335983276367
1718,0.07805347442626953
1719,0.020125150680541992
1720,0.020125150680541992
1721,0.020166635513305664
1722,0.04026675224304199
1723,0.020166397094726562
1724,0.020138263702392578
1725,0.020185470581054688
1726,0.020119667053222656
1727,0.02012348175048828
1728,0.04024195671081543
1729,0.020133495330810547
1730,0.020121097564697266
1731,0.02012801170349121
1732,0.020132780075073242
1733,0.020119905471801758
1734,0.07978940010070801
1735,0.020120859146118164
1736,0.020180702209472656
1737,0.09003806114196777
1738,0.020117998123168945
1739,0.020148038864135742
1740,0.020142316818237305
1741,0.020145416259765625
1742,0.020144939422607422
1743,0.04024481773376465
1744,0.020124197006225586
1745,0.020122766494750977
1746,0.020120859146118164
1747,0.04024672508239746
1748,0.02004098892211914
1749,0.020125389099121094
1750,0.020134925842285156
1751,0.020119905471801758
1752,0.020160675048828125
1753,0.07909464836120605
1754,0.020148277282714844
1755,0.02012491226196289
1756,0.07807374000549316
1757,0.020133018493652344
1758,0.020116090774536133
1759,0.020158052444458008
1760,0.02013373374938965
1761,0.020157575607299805
1762,0.020166397094726562
1763,0.020134925842285156
1764,0.02012801170349121
1765,0.020165443420410156
1766,0.021282434463500977
1767,0.04024314880371094
1768,0.02012157440185547
1769,0.0764627456665039
1770,0.020123720169067383
1771,0.020131349563598633
1772,0.020120620727539062
1773,0.020139455795288086
1774,0.0201263427734375
1775,0.02016139030456543
1776,0.020160436630249023
1777,0.020120620727539062
1778,0.02015519142150879
1779,0.020120620727539062
1780,0.020119905471801758
1781,0.020180940628051758
1782,0.020122289657592773
1783,0.02016925811767578
1784,0.020122051239013672
1785,0.020128250122070312
1786,0.0201265811920166
1787,0.020111083984375
1788,0.020122528076171875
1789,0.020145416259765625
1790,0.020142555236816406
1791,0.07775235176086426
1792,0.020128965377807617
1793,0.020174741744995117
1794,0.07852697372436523
1795,0.020131587982177734
1796,0.020124435424804688
1797,0.02017974853515625
1798,0.040724754333496094
1799,0.020125627517700195
1800,0.020121335983276367
1801,0.02013254165649414
1802,0.02012467384338379
1803,0.020131349563598633
1804,0.020181894302368164
1805,0.020119190216064453
1806,0.020126819610595703
1807,0.07902789115905762
1808,0.020119428634643555
1809,0.020128250122070312
1810,0.0201263427734375
1811,0.020127296447753906
1812,0.020116806030273438
1813,0.020158052444458008
1814,0.020119905471801758
1815,0.020124197006225586
1816,0.020121335983276367
1817,0.020125865936279297
1818,0.020122051239013672
1819,0.02013564109802246
1820,0.02013111114501953
1821,0.02011871337890625
1822,0.02011585235595703
1823,0.02012920379638672
1824,0.02012038230895996
1825,0.020146608352661133
1826,0.0
1827,0.020124435424804688
1828,0.020127058029174805
1829,0.020174503326416016
1830,0.020129919052124023
1831,0.020117521286010742
1832,0.020162582397460938
1833,0.02013707160949707
1834,0.020112276077270508
1835,0.0695645809173584
1836,0.020122289657592773
1837,0.02012038230895996
1838,0.020134687423706055
1839,0.020181894302368164
1840,0.020119905471801758
1841,0.02015995979309082
1842,0.02015995979309082
1843,0.0201261043548584
1844,0.02012038230895996
1845,0.020125150680541992
1846,0.020196199417114258
1847,0.020123004913330078
1848,0.020120859146118164
1849,0.020113706588745117
1850,0.020134449005126953
1851,0.020123004913330078
1852,0.02012920379638672
1853,0.02013850212097168
1854,0.02019667625427246
1855,0.02015852928161621
1856,0.07912492752075195
1857,0.020128726959228516
1858,0.020141124725341797
1859,0.020120620727539062
1860,0.020130157470703125
1861,0.06840300559997559
1862,0.02015376091003418
1863,0.02012920379638672
1864,0.020123004913330078
1865,0.020162582397460938
1866,0.02011895179748535
1867,0.02012944221496582
1868,0.02012491226196289
1869,0.020114421844482422
1870,0.020117521286010742
1871,0.020154237747192383
1872,0.02013111114501953
1873,0.020161151885986328
1874,0.020122289657592773
1875,0.020129919052124023
1876,0.0201871395111084
1877,0.020123958587646484
1878,0.0201261043548584
1879,0.020119667053222656
1880,0.07858729362487793
1881,0.020128965377807617
1882,0.02012181282043457
1883,0.020122528076171875
1884,0.02013373374938965
1885,0.020161151885986328
1886,0.02013111114501953
1887,0.020140886306762695
1888,0.02012014389038086
1889,0.02013683319091797
1890,0.020131587982177734
1891,0.02015852928161621
1892,0.02037358283996582
1893,0.020128250122070312
1894,0.020126819610595703
1895,0.020117998123168945
1896,0.04025721549987793
1897,0.020173311233520508
1898,0.020128965377807617
1899,0.020129919052124023
1900,0.020116090774536133
1901,0.020109891891479492
1902,0.02014303207397461
1903,0.0201416015625
1904,0.020122528076171875
1905,0.020110368728637695
1906,0.02012014389038086
1907,0.040251731872558594
1908,0.020155668258666992
1909,0.020078420639038086
1910,0.020177602767944336
1911,0.02015399932861328
1912,0.020212888717651367
1913,0.020166397094726562
1914,0.020168304443359375
1915,0.02013111114501953
1916,0.020117521286010742
1917,0.02012777328491211
1918,0.07876205444335938
1919,0.02014303207397461
1920,0.020154953002929688
1921,0.020160198211669922
1922,0.020128488540649414
1923,0.020128488540649414
1924,0.020094633102416992
1925,0.02013850212097168
1926,0.020117759704589844
1927,0.02013707160949707
1928,0.020188570022583008
1929,0.020122289657592773
1930,0.020127058029174805
1931,0.0786130428314209
1932,0.040245771408081055
1933,0.02012801170349121
1934,0.04029679298400879
1935,0.07310175895690918
1936,0.02012801170349121
1937,0.020125389099121094
1938,0.02012801170349121
1939,0.07082247734069824
1940,0.020109891891479492
1941,0.07190418243408203
1942,0.02013373374938965
1943,0.07798457145690918
1944,0.040247201919555664
1945,0.020128250122070312
1946,0.02012920379638672
1947,0.02012014389038086
1948,0.020123004913330078
1949,0.07204699516296387
1950,0.020162105560302734
1951,0.02013111114501953
1952,0.020136594772338867
1953,0.04024910926818848
1954,0.020125389099121094
1955,0.020070791244506836
1956,0.08003950119018555
1957,0.020117759704589844
1958,0.020151853561401367
1959,0.020137786865234375
1960,0.020155668258666992
1961,0.07910275459289551
1962,0.020127534866333008
1963,0.07909202575683594
1964,0.040213584899902344
1965,0.04026222229003906
1966,0.04023623466491699
1967,0.02013421058654785
1968,0.0201265811920166
1969,0.040297746658325195
1970,0.02012467384338379
1971,0.04024791717529297
1972,0.040343284606933594
1973,0.020126819610595703
1974,0.020166873931884766
1975,0.07130932807922363
1976,0.020128965377807617
1977,0.0722508430480957
1978,0.02012157440185547
1979,0.06998610496520996
1980,0.020123720169067383
1981,0.020137310028076172
1982,0.02015233039855957
1983,0.0712900161743164
1984,0.020153522491455078
1985,0.04026341438293457
1986,0.020128726959228516
1987,0.020271778106689453
1988,0.020127296447753906
1989,0.02013111114501953
1990,0.020119667053222656
1991,0.020141124725341797
1992,0.040303945541381836
1993,0.02013540267944336
1994,0.020124197006225586
1995,0.04027700424194336
1996,0.02012014389038086
1997,0.020116329193115234
1998,0.02011394500732422
1999,0.059017181396484375
2000,0.020204782485961914
2001,0.020060062408447266
2002,0.020123958587646484
2003,0.02012777328491211
2004,0.020380258560180664
2005,0.02013230323791504
2006,0.02012324333190918
2007,0.020125150680541992
2008,0.020119667053222656
2009,0.02012920379638672
2010,0.020135164260864258
2011,0.020116090774536133
2012,0.020138263702392578
2013,0.020128250122070312
2014,0.04025006294250488
2015,0.020122051239013672
2016,0.02012348175048828
2017,0.07067084312438965
2018,0.020138263702392578
2019,0.04030251502990723
2020,0.04027724266052246
2021,0.07123780250549316
2022,0.02015829086303711
2023,0.02010822296142578
2024,0.02014327049255371
2025,0.020139217376708984
2026,0.020122766494750977
2027,0.08690333366394043
2028,0.02013540267944336
2029,0.020123958587646484
2030,0.06755495071411133
2031,0.02012920379638672
2032,0.020165443420410156
2033,0.020114421844482422
2034,0.020179271697998047
2035,0.02012920379638672
2036,0.02012801170349121
2037,0.07149314880371094
2038,0.02011728286743164
2039,0.0402677059173584
2040,0.020123720169067383
2041,0.0201265811920166
2042,0.07105398178100586
2043,0.020043373107910156
2044,0.08195281028747559
2045,0.02011561393737793
2046,0.020118236541748047
2047,0.020130395889282227
2048,0.02014636993408203
2049,0.020158767700195312
2050,0.020127296447753906
2051,0.07980966567993164
2052,0.020126819610595703
2053,0.020120620727539062
2054,0.020112991333007812
2055,0.0793459415435791
2056,0.020112276077270508
2057,0.0639491081237793
2058,0.020121097564697266
2059,0.02012348175048828
2060,0.020128965377807617
2061,0.07119894027709961
2062,0.020124435424804688
2063,0.020124435424804688
2064,0.020132064819335938
2065,0.021253108978271484
2066,0.02013111114501953
2067,0.020147085189819336
2068,0.0201261043548584
2069,0.020125865936279297
2070,0.02014017105102539
2071,0.020127534866333008
2072,0.020125627517700195
2073,0.020102500915527344
2074,0.020119905471801758
2075,0.05943131446838379
2076,0.02011871337890625
2077,0.02013850212097168
2078,0.021962881088256836
2079,0.0201265811920166
2080,0.08996820449829102
2081,0.020119905471801758
2082,0.020125150680541992
2083,0.020124435424804688
2084,0.02013087272644043
2085,0.02013683319091797
2086,0.02013540267944336
2087,0.05927419662475586
2088,0.02013254165649414
2089,0.020125865936279297
2090,0.020119667053222656
2091,0.0
2092,0.020186424255371094
2093,0.020124197006225586
2094,0.020157337188720703
2095,0.020130157470703125
2096,0.020154714584350586
2097,0.020127058029174805
2098,0.02012014389038086
2099,0.05883455276489258
2100,0.02015852928161621
2101,0.020119667053222656
2102,0.040325164794921875
2103,0.02012324333190918
2104,0.02012944221496582
2105,0.02012014389038086
2106,0.0201261043548584
2107,0.02013850212097168
2108,0.04029083251953125
2109,0.0201261043548584
2110,0.020130157470703125
2111,0.02011728286743164
2112,0.09134531021118164
2113,0.020124197006225586
2114,0.058931827545166016
2115,0.02011585235595703
2116,0.0714266300201416
2117,0.04033708572387695
2118,0.08200407028198242
2119,0.0402522087097168
2120,0.07122445106506348
2121,0.020128488540649414
2122,0.020175695419311523
2123,0.02012467384338379
2124,0.020122766494750977
2125,0.020142316818237305
2126,0.02011895179748535
2127,0.07160282135009766
2128,0.04020857810974121
2129,0.0201265811920166
2130,0.020131349563598633
2131,0.020131587982177734
2132,0.02012944221496582
2133,0.02012181282043457
2134,0.020122051239013672
2135,0.07130932807922363
2136,0.02012944221496582
2137,0.07944965362548828
2138,0.020070791244506836
2139,0.06295585632324219
2140,0.020127296447753906
2141,0.020123720169067383
2142,0.020122528076171875
2143,0.020200729370117188
2144,0.020154237747192383
2145,0.04025864601135254
2146,0.02013111114501953
2147,0.02013230323791504
2148,0.020125865936279297
2149,0.020154476165771484
2150,0.09236264228820801
2151,0.020123004913330078
2152,0.02012777328491211
2153,0.02011728286743164
2154,0.020137548446655273
2155,0.020124197006225586
2156,0.02012181282043457
2157,0.020177364349365234
2158,0.07009196281433105
2159,0.0201263427734375
2160,0.020125150680541992
2161,0.020127296447753906
2162,0.020117998123168945
2163,0.02012491226196289
2164,0.020119190216064453
2165,0.020153284072875977
2166,0.020238637924194336
2167,0.06790709495544434
2168,0.020207881927490234
2169,0.04024362564086914
2170,0.07574701309204102
2171,0.020122766494750977
2172,0.040238142013549805
2173,0.020133256912231445
2174,0.05606222152709961
2175,0.07569193840026855
2176,0.02014613151550293
2177,0.020136117935180664
2178,0.07695436477661133
2179,0.02012920379638672
2180,0.020138978958129883
2181,0.04025006294250488
2182,0.0769510269165039
2183,0.020125865936279297
2184,0.020156145095825195
2185,0.020122766494750977
2186,0.020126819610595703
2187,0.020136356353759766
2188,0.02012467384338379
2189,0.020164012908935547
2190,0.06881880760192871
2191,0.020154953002929688
2192,0.0201261043548584
2193,0.020134925842285156
2194,0.07198643684387207
2195,0.02014756202697754
2196,0.020124197006225586
2197,0.020148038864135742
2198,0.020122528076171875
2199,0.020131349563598633
2200,0.02012777328491211
2201,0.07568168640136719
2202,0.07680630683898926
2203,0.020132064819335938
2204,0.020185232162475586
2205,0.07309198379516602
2206,0.020119428634643555
2207,0.020154953002929688
2208,0.02012181282043457
2209,0.04036521911621094
2210,0.02013230323791504
2211,0.020140409469604492
2212,0.020128250122070312
2213,0.07222914695739746
2214,0.020125627517700195
2215,0.04026937484741211
2216,0.020177364349365234
2217,0.020135879516601562
2218,0.02013874053955078
2219,0.020121097564697266
2220,0.0201263427734375
2221,0.07191252708435059
2222,0.020123720169067383
2223,0.020160913467407227
2224,0.02012777328491211
2225,0.02012348175048828
2226,0.04025721549987793
2227,0.04025864601135254
2228,0.020162343978881836
2229,0.040250301361083984
2230,0.020160198211669922
2231,0.02012467384338379
2232,0.0769188404083252
2233,0.02012920379638672
2234,0.02013254165649414
2235,0.020119190216064453
2236,0.04026937484741211
2237,0.020150423049926758
2238,0.02011704444885254
2239,0.02012801170349121
2240,0.08448052406311035
2241,0.020163536071777344
2242,0.020121335983276367
2243,0.04029512405395508
2244,0.07646560668945312
2245,0.020119667053222656
2246,0.020122289657592773
2247,0.040326833724975586
2248,0.07250189781188965
2249,0.02016162872314453
2250,0.020152807235717773
2251,0.0744180679321289
2252,0.020148515701293945
2253,0.0201263427734375
2254,0.04025626182556152
2255,0.020201921463012695
2256,0.07814574241638184
2257,0.020162343978881836
2258,0.020124197006225586
2259,0.020127058029174805
2260,0.020130157470703125
2261,0.020158052444458008
2262,0.020126819610595703
2263,0.02013254165649414
2264,0.020130157470703125
2265,0.020122289657592773
2266,0.020125389099121094
2267,0.05576300621032715
2268,0.020157575607299805
2269,0.020131587982177734
2270,0.020119190216064453
2271,0.05500197410583496
2272,0.020114421844482422
2273,0.0201265811920166
2274,0.020130634307861328
2275,0.06973004341125488
2276,0.02015399932861328
2277,0.02013850212097168
2278,0.02013564109802246
2279,0.07034802436828613
2280,0.0201263427734375
2281,0.020137786865234375
2282,0.07434391975402832
2283,0.020128726959228516
2284,0.020164966583251953
2285,0.020263195037841797
2286,0.020162105560302734
2287,0.02012491226196289
2288,0.02007007598876953
2289,0.07984137535095215
2290,0.020151376724243164
2291,0.05893421173095703
2292,0.020127534866333008
2293,0.02012324333190918
2294,0.020130157470703125
2295,0.02013993263244629
2296,0.040299177169799805
2297,0.02011871337890625
2298,0.020109891891479492
2299,0.020135164260864258
2300,0.020227909088134766
2301,0.02012157440185547
2302,0.05872535705566406
2303,0.020180463790893555
2304,0.020119667053222656
2305,0.07215523719787598
2306,0.020118236541748047
2307,0.02012920379638672
2308,0.02012467384338379
2309,0.020130634307861328
2310,0.05837440490722656
2311,0.02012348175048828
2312,0.02012801170349121
2313,0.02014303207397461
2314,0.020128726959228516
2315,0.020132780075073242
2316,0.020125150680541992
2317,0.020125865936279297
2318,0.020176172256469727
2319,0.020096302032470703
2320,0.020125150680541992
2321,0.06721973419189453
2322,0.020158767700195312
2323,0.020130634307861328
2324,0.020120620727539062
2325,0.02012467384338379
2326,0.020128726959228516
2327,0.02012777328491211
2328,0.020127058029174805
2329,0.06682538986206055
2330,0.020121097564697266
2331,0.020125389099121094
2332,0.08001947402954102
2333,0.02014303207397461
2334,0.02016448974609375
2335,0.04024505615234375
2336,0.04028582572937012
2337,0.02012944221496582
2338,0.020121335983276367
2339,0.02012038230895996
2340,0.07488489151000977
2341,0.02017354965209961
2342,0.04028654098510742
2343,0.0798335075378418
2344,0.020130157470703125
2345,0.020174264907836914
2346,0.02012801170349121
2347,0.04184842109680176
2348,0.04028511047363281
2349,0.04027366638183594
2350,0.04030799865722656
2351,0.020131587982177734
2352,0.020115137100219727
2353,0.020125865936279297
2354,0.020127296447753906
2355,0.04029345512390137
2356,0.0201265811920166
2357,0.02011275291442871
2358,0.020129919052124023
2359,0.08038735389709473
2360,0.02012157440185547
2361,0.040247201919555664
2362,0.08096957206726074
2363,0.020117521286010742
2364,0.04024171829223633
2365,0.020161867141723633
2366,0.020155906677246094
2367,0.020124435424804688
2368,0.07136678695678711
2369,0.02013397216796875
2370,0.020120620727539062
2371,0.09647321701049805
2372,0.06846475601196289
2373,0.020130634307861328
2374,0.020162343978881836
2375,0.0960536003112793
2376,0.08854913711547852
2377,0.04026055335998535
2378,0.020131349563598633
2379,0.020130634307861328
2380,0.07038521766662598
2381,0.020138263702392578
2382,0.02012157440185547
2383,0.07442331314086914
2384,0.09626102447509766
2385,0.04029440879821777
2386,0.02013111114501953
2387,0.04026484489440918
2388,0.07276082038879395
2389,0.02013540267944336
2390,0.020128250122070312
2391,0.07664680480957031
2392,0.07788300514221191
2393,0.09256267547607422
2394,0.02011847496032715
2395,0.07728028297424316
2396,0.0819845199584961
2397,0.09585022926330566
2398,0.0201263427734375
2399,0.020143508911132812
2400,0.07801675796508789
2401,0.04026937484741211
2402,0.020124435424804688
2403,0.020130395889282227
2404,0.020163536071777344
2405,0.08778643608093262
2406,0.020259857177734375
2407,0.02013111114501953
2408,0.08735084533691406
2409,0.07482767105102539
2410,0.0402073860168457
2411,0.02012491226196289
2412,0.020122051239013672
2413,0.020139694213867188
2414,0.09560179710388184
2415,0.07649111747741699
2416,0.0827336311340332
2417,0.02012491226196289
2418,0.0402679443359375
2419,0.02013111114501953
2420,0.02011728286743164
2421,0.0201265811920166
2422,0.07731962203979492
2423,0.02012944221496582
2424,0.020120859146118164
2425,0.020124197006225586
2426,0.040273189544677734
2427,0.02012014389038086
2428,0.0201261043548584
2429,0.040300846099853516
2430,0.040250539779663086
2431,0.020137786865234375
2432,0.05988621711730957
2433,0.04024934768676758
2434,0.04028177261352539
2435,0.07275247573852539
2436,0.04024553298950195
2437,0.04024696350097656
2438,0.02017688751220703
2439,0.020176172256469727
2440,0.06797456741333008
2441,0.02012801170349121
2442,0.020125389099121094
2443,0.08092331886291504
2444,0.020132064819335938
2445,0.020120620727539062
2446,0.0201265811920166
2447,0.020151376724243164
2448,0.020126819610595703
2449,0.04026055335998535
2450,0.04025769233703613
2451,0.02017664909362793
2452,0.0201263427734375
2453,0.020135164260864258
2454,0.02020096778869629
2455,0.020119190216064453
2456,0.02016305923461914
2457,0.02012801170349121
2458,0.020133018493652344
2459,0.07927632331848145
2460,0.020127296447753906
2461,0.020138025283813477
2462,0.020133018493652344
2463,0.020142555236816406
2464,0.020148515701293945
2465,0.02013254165649414
2466,0.040265798568725586
2467,0.07969284057617188
2468,0.08962845802307129
2469,0.0201413631439209
2470,0.02013230323791504
2471,0.02013373374938965
2472,0.020125150680541992
2473,0.020132064819335938
2474,0.020133495330810547
2475,0.05702495574951172
2476,0.020143985748291016
2477,0.02017807960510254
2478,0.0733938217163086
2479,0.020121097564697266
2480,0.040258169174194336
2481,0.020125150680541992
2482,0.02012181282043457
2483,0.02012920379638672
2484,0.06941652297973633
2485,0.020123720169067383
2486,0.02006363868713379
2487,0.054910898208618164
2488,0.020182132720947266
2489,0.02013707160949707
2490,0.02013397216796875
2491,0.05560159683227539
2492,0.020169496536254883
2493,0.020137786865234375
2494,0.020122051239013672
2495,0.02012801170349121
2496,0.020123004913330078
2497,0.020122528076171875
2498,0.02013230323791504
2499,0.06302571296691895
2500,0.02012038230895996
2501,0.02012944221496582
2502,0.020130395889282227
2503,0.07557010650634766
2504,0.020119190216064453
2505,0.02012157440185547
2506,0.02013397216796875
2507,0.020122051239013672
2508,0.020116329193115234
2509,0.020120859146118164
2510,0.020161151885986328
2511,0.02012348175048828
2512,0.020121097564697266
2513,0.059339046478271484
2514,0.020122528076171875
2515,0.020119905471801758
2516,0.020119428634643555
2517,0.02012181282043457
2518,0.02012467384338379
2519,0.020129680633544922
2520,0.02013683319091797
2521,0.020148038864135742
2522,0.020119905471801758
2523,0.020128965377807617
2524,0.02012467384338379
